,DateTime,Close,20SMA
0,2023-04-06 21:15:44,1.09195,
1,2023-04-06 21:15:44,1.0919,
2,2023-04-06 21:17:52,1.0919,
3,2023-04-06 21:17:52,1.0919,
4,2023-04-06 21:20:00,1.0919,
5,2023-04-06 21:20:00,1.0919,
6,2023-04-06 21:20:00,1.0919,
7,2023-04-06 21:22:08,1.0919,
8,2023-04-06 21:22:08,1.0919,
9,2023-04-06 21:24:16,1.0919,
10,2023-04-06 21:24:16,1.0919,
11,2023-04-06 21:26:24,1.0919,
12,2023-04-06 21:26:24,1.0919,
13,2023-04-06 21:28:32,1.0919,
14,2023-04-06 21:28:32,1.0919,
15,2023-04-06 21:30:40,1.09175,
16,2023-04-06 21:30:40,1.0918,
17,2023-04-06 21:32:48,1.09175,
18,2023-04-06 21:32:48,1.09175,
19,2023-04-06 21:34:56,1.09175,1.0918675
20,2023-04-06 21:34:56,1.09175,1.0918575000000001
21,2023-04-06 21:34:56,1.09175,1.0918500000000002
22,2023-04-06 21:37:04,1.09175,1.0918425
23,2023-04-06 21:37:04,1.09175,1.091835
24,2023-04-06 21:39:12,1.09175,1.0918275000000002
25,2023-04-06 21:39:12,1.09175,1.09182
26,2023-04-06 21:41:20,1.09175,1.0918125
27,2023-04-06 21:41:20,1.09175,1.0918050000000001
28,2023-04-06 21:43:28,1.09175,1.0917975
29,2023-04-06 21:43:28,1.09175,1.09179
30,2023-04-06 21:45:36,1.09175,1.0917825
31,2023-04-06 21:45:36,1.09175,1.091775
32,2023-04-06 21:47:44,1.09175,1.0917675
33,2023-04-06 21:47:44,1.09175,1.09176
34,2023-04-06 21:49:52,1.0918,1.091755
35,2023-04-06 21:49:52,1.09185,1.09176
36,2023-04-06 21:52:00,1.09185,1.0917625000000002
37,2023-04-06 21:52:00,1.0918,1.091765
38,2023-04-06 21:52:00,1.0918,1.0917675
39,2023-04-06 21:54:08,1.09185,1.0917725
40,2023-04-06 21:54:08,1.09185,1.0917775
41,2023-04-06 21:56:16,1.0918,1.09178
42,2023-04-06 21:56:16,1.0918,1.0917825
43,2023-04-06 21:58:24,1.0918,1.091785
44,2023-04-06 21:58:24,1.0918,1.0917875000000001
45,2023-04-06 22:00:32,1.09185,1.0917925
46,2023-04-06 22:00:32,1.09185,1.0917975
47,2023-04-06 22:02:40,1.09185,1.0918025
48,2023-04-06 22:02:40,1.0918,1.0918050000000001
49,2023-04-06 22:04:48,1.0918,1.0918075
50,2023-04-06 22:04:48,1.09185,1.0918125
51,2023-04-06 22:06:56,1.09185,1.0918175
52,2023-04-06 22:06:56,1.09185,1.0918225000000001
53,2023-04-06 22:09:04,1.09185,1.0918275
54,2023-04-06 22:09:04,1.09185,1.09183
55,2023-04-06 22:09:04,1.0919,1.0918325
56,2023-04-06 22:11:12,1.0919,1.091835
57,2023-04-06 22:11:12,1.0919,1.09184
58,2023-04-06 22:13:20,1.0919,1.091845
59,2023-04-06 22:13:20,1.09185,1.091845
60,2023-04-06 22:15:28,1.09185,1.091845
61,2023-04-06 22:15:28,1.09185,1.0918475
62,2023-04-06 22:17:36,1.0919,1.0918525000000001
63,2023-04-06 22:17:36,1.09195,1.09186
64,2023-04-06 22:19:44,1.0919,1.0918649999999999
65,2023-04-06 22:19:44,1.09195,1.0918700000000001
66,2023-04-06 22:21:52,1.09195,1.0918750000000002
67,2023-04-06 22:21:52,1.09195,1.09188
68,2023-04-06 22:24:00,1.09195,1.0918875
69,2023-04-06 22:24:00,1.09195,1.091895
70,2023-04-06 22:24:00,1.09195,1.0919
71,2023-04-06 22:26:08,1.09195,1.0919050000000001
72,2023-04-06 22:26:08,1.09195,1.09191
73,2023-04-06 22:28:16,1.09195,1.091915
74,2023-04-06 22:28:16,1.0919,1.0919175
75,2023-04-06 22:30:24,1.0919,1.0919175
76,2023-04-06 22:30:24,1.09195,1.09192
77,2023-04-06 22:32:32,1.09195,1.0919225000000001
78,2023-04-06 22:32:32,1.0919,1.0919225000000001
79,2023-04-06 22:34:40,1.09185,1.0919225000000001
80,2023-04-06 22:34:40,1.09175,1.0919174999999999
81,2023-04-06 22:36:48,1.09165,1.0919075
82,2023-04-06 22:36:48,1.0916,1.0918925
83,2023-04-06 22:38:56,1.09165,1.0918775
84,2023-04-06 22:38:56,1.09165,1.0918649999999999
85,2023-04-06 22:38:56,1.0917,1.0918525
86,2023-04-06 22:41:04,1.09165,1.0918375
87,2023-04-06 22:41:04,1.09165,1.0918225000000001
88,2023-04-06 22:43:12,1.09165,1.0918075
89,2023-04-06 22:43:12,1.0916,1.09179
90,2023-04-06 22:45:20,1.0916,1.0917724999999998
91,2023-04-06 22:45:20,1.0916,1.0917549999999998
92,2023-04-06 22:47:28,1.0916,1.0917375
93,2023-04-06 22:47:28,1.0916,1.09172
94,2023-04-06 22:49:36,1.0916,1.091705
95,2023-04-06 22:49:36,1.0916,1.09169
96,2023-04-06 22:51:44,1.09165,1.091675
97,2023-04-06 22:51:44,1.09165,1.0916599999999999
98,2023-04-06 22:53:52,1.0917,1.09165
99,2023-04-06 22:53:52,1.0917,1.0916424999999998
100,2023-04-06 22:56:00,1.09165,1.0916375
101,2023-04-06 22:56:00,1.09165,1.0916374999999998
102,2023-04-06 22:56:00,1.09165,1.09164
103,2023-04-06 22:58:08,1.09165,1.09164
104,2023-04-06 22:58:08,1.09165,1.09164
105,2023-04-06 23:00:16,1.0917,1.09164
106,2023-04-06 23:00:16,1.09175,1.091645
107,2023-04-06 23:02:24,1.0917,1.0916474999999999
108,2023-04-06 23:02:24,1.0917,1.09165
109,2023-04-06 23:04:32,1.0917,1.091655
110,2023-04-06 23:04:32,1.0917,1.09166
111,2023-04-06 23:06:40,1.09165,1.0916625
112,2023-04-06 23:06:40,1.09165,1.091665
113,2023-04-06 23:08:48,1.0917,1.09167
114,2023-04-06 23:08:48,1.0916,1.09167
115,2023-04-06 23:10:56,1.0917,1.091675
116,2023-04-06 23:10:56,1.09165,1.091675
117,2023-04-06 23:13:04,1.0917,1.0916774999999999
118,2023-04-06 23:13:04,1.0917,1.0916774999999999
119,2023-04-06 23:13:04,1.0917,1.0916774999999999
120,2023-04-06 23:15:12,1.0917,1.0916799999999998
121,2023-04-06 23:15:12,1.0917,1.0916825
122,2023-04-06 23:17:20,1.0917,1.091685
123,2023-04-06 23:17:20,1.0917,1.0916875
124,2023-04-06 23:19:28,1.0917,1.09169
125,2023-04-06 23:19:28,1.0917,1.09169
126,2023-04-06 23:21:36,1.09165,1.091685
127,2023-04-06 23:21:36,1.0917,1.091685
128,2023-04-06 23:23:44,1.0917,1.091685
129,2023-04-06 23:23:44,1.0917,1.0916849999999998
130,2023-04-06 23:25:52,1.0917,1.0916849999999998
131,2023-04-06 23:25:52,1.0917,1.0916875
132,2023-04-06 23:28:00,1.0917,1.0916899999999998
133,2023-04-06 23:28:00,1.0917,1.0916899999999998
134,2023-04-06 23:28:00,1.0917,1.091695
135,2023-04-06 23:30:08,1.0917,1.091695
136,2023-04-06 23:30:08,1.0917,1.0916975
137,2023-04-06 23:32:16,1.0917,1.0916975
138,2023-04-06 23:32:16,1.09175,1.0917
139,2023-04-06 23:34:24,1.09175,1.0917024999999998
140,2023-04-06 23:34:24,1.09175,1.091705
141,2023-04-06 23:36:32,1.09175,1.0917075
142,2023-04-06 23:36:32,1.09175,1.0917099999999997
143,2023-04-06 23:38:40,1.0918,1.091715
144,2023-04-06 23:38:40,1.09175,1.0917175
145,2023-04-06 23:40:48,1.0918,1.0917225
146,2023-04-06 23:40:48,1.0918,1.0917299999999999
147,2023-04-06 23:42:56,1.09185,1.0917375
148,2023-04-06 23:42:56,1.09195,1.0917499999999998
149,2023-04-06 23:42:56,1.092,1.091765
150,2023-04-06 23:45:04,1.092,1.09178
151,2023-04-06 23:45:04,1.092,1.091795
152,2023-04-06 23:47:12,1.0919,1.0918050000000001
153,2023-04-06 23:47:12,1.0919,1.091815
154,2023-04-06 23:49:20,1.09185,1.0918225
155,2023-04-06 23:49:20,1.09185,1.09183
156,2023-04-06 23:51:28,1.09185,1.0918375
157,2023-04-06 23:51:28,1.09185,1.091845
158,2023-04-06 23:53:36,1.09185,1.09185
159,2023-04-06 23:53:36,1.0919,1.0918575000000001
160,2023-04-06 23:55:44,1.0919,1.0918649999999999
161,2023-04-06 23:55:44,1.0919,1.0918725
162,2023-04-06 23:57:52,1.09195,1.0918825
163,2023-04-06 23:57:52,1.09195,1.0918899999999998
164,2023-04-07 00:00:00,1.09195,1.0919
165,2023-04-07 00:00:00,1.09215,1.0919174999999999
166,2023-04-07 00:00:00,1.0922,1.0919375
167,2023-04-07 00:02:08,1.09235,1.0919625
168,2023-04-07 00:02:08,1.0923,1.09198
169,2023-04-07 00:04:16,1.09235,1.0919975
170,2023-04-07 00:04:16,1.0922,1.0920075
171,2023-04-07 00:06:24,1.0921,1.0920125
172,2023-04-07 00:06:24,1.09205,1.09202
173,2023-04-07 00:08:32,1.0921,1.09203
174,2023-04-07 00:08:32,1.09215,1.0920450000000002
175,2023-04-07 00:10:40,1.0921,1.0920575
176,2023-04-07 00:10:40,1.09215,1.0920725
177,2023-04-07 00:12:48,1.09215,1.0920875
178,2023-04-07 00:12:48,1.09215,1.0921025
179,2023-04-07 00:14:56,1.09215,1.0921150000000002
180,2023-04-07 00:14:56,1.09205,1.0921224999999999
181,2023-04-07 00:17:04,1.092,1.0921275
182,2023-04-07 00:17:04,1.092,1.0921299999999998
183,2023-04-07 00:17:04,1.09195,1.09213
184,2023-04-07 00:19:12,1.0919,1.0921275000000001
185,2023-04-07 00:19:12,1.09175,1.0921075
186,2023-04-07 00:21:20,1.09175,1.092085
187,2023-04-07 00:21:20,1.0917,1.0920524999999999
188,2023-04-07 00:23:28,1.0917,1.0920225000000001
189,2023-04-07 00:23:28,1.0917,1.09199
190,2023-04-07 00:25:36,1.0918,1.0919699999999999
191,2023-04-07 00:25:36,1.0918,1.091955
192,2023-04-07 00:27:44,1.09175,1.09194
193,2023-04-07 00:27:44,1.09175,1.0919225
194,2023-04-07 00:29:52,1.0918,1.091905
195,2023-04-07 00:29:52,1.09175,1.0918875
196,2023-04-07 00:32:00,1.09175,1.0918675
197,2023-04-07 00:32:00,1.09175,1.0918474999999999
198,2023-04-07 00:32:00,1.0917,1.091825
199,2023-04-07 00:34:08,1.09155,1.0917949999999998
200,2023-04-07 00:34:08,1.0916,1.0917724999999998
201,2023-04-07 00:36:16,1.0916,1.0917525
202,2023-04-07 00:36:16,1.0914,1.0917225
203,2023-04-07 00:38:24,1.09155,1.0917025
204,2023-04-07 00:38:24,1.09155,1.091685
205,2023-04-07 00:40:32,1.0916,1.0916774999999999
206,2023-04-07 00:40:32,1.09155,1.0916675
207,2023-04-07 00:42:40,1.0916,1.0916625
208,2023-04-07 00:42:40,1.09165,1.09166
209,2023-04-07 00:44:48,1.09165,1.0916575
210,2023-04-07 00:44:48,1.09165,1.09165
211,2023-04-07 00:46:56,1.09165,1.0916425
212,2023-04-07 00:46:56,1.09165,1.0916375
213,2023-04-07 00:46:56,1.09145,1.0916225000000002
214,2023-04-07 00:49:04,1.0915,1.0916075
215,2023-04-07 00:49:04,1.0916,1.0916000000000001
216,2023-04-07 00:51:12,1.09155,1.0915899999999998
217,2023-04-07 00:51:12,1.09155,1.09158
218,2023-04-07 00:53:20,1.09155,1.0915724999999998
219,2023-04-07 00:53:20,1.0915,1.09157
220,2023-04-07 00:55:28,1.0915,1.091565
221,2023-04-07 00:55:28,1.0915,1.0915599999999999
222,2023-04-07 00:57:36,1.09145,1.0915625
223,2023-04-07 00:57:36,1.09145,1.0915575
224,2023-04-07 00:59:44,1.0916,1.0915599999999999
225,2023-04-07 00:59:44,1.0915,1.091555
226,2023-04-07 01:01:52,1.0915,1.0915525
227,2023-04-07 01:01:52,1.0916,1.0915525
228,2023-04-07 01:04:00,1.0916,1.09155
229,2023-04-07 01:04:00,1.0917,1.0915525000000001
230,2023-04-07 01:04:00,1.09175,1.0915575
231,2023-04-07 01:06:08,1.0917,1.09156
232,2023-04-07 01:06:08,1.0918,1.0915675
233,2023-04-07 01:08:16,1.0918,1.0915849999999998
234,2023-04-07 01:08:16,1.0918,1.0916
235,2023-04-07 01:10:24,1.0918,1.09161
236,2023-04-07 01:10:24,1.0917,1.0916175000000001
237,2023-04-07 01:12:32,1.09175,1.0916275
238,2023-04-07 01:12:32,1.0917,1.091635
239,2023-04-07 01:14:40,1.09165,1.0916425
240,2023-04-07 01:14:40,1.0917,1.0916525
241,2023-04-07 01:16:48,1.0917,1.0916625
242,2023-04-07 01:16:48,1.0917,1.091675
243,2023-04-07 01:18:56,1.09175,1.09169
244,2023-04-07 01:18:56,1.09175,1.0916975
245,2023-04-07 01:21:04,1.0918,1.0917125
246,2023-04-07 01:21:04,1.0918,1.0917275
247,2023-04-07 01:21:04,1.0918,1.0917375000000002
248,2023-04-07 01:23:12,1.09185,1.0917499999999998
249,2023-04-07 01:23:12,1.09185,1.0917575
250,2023-04-07 01:25:20,1.0919,1.091765
251,2023-04-07 01:25:20,1.0919,1.0917750000000002
252,2023-04-07 01:27:28,1.0919,1.09178
253,2023-04-07 01:27:28,1.0919,1.091785
254,2023-04-07 01:29:36,1.0918,1.0917850000000002
255,2023-04-07 01:29:36,1.09185,1.0917875000000001
256,2023-04-07 01:31:44,1.09185,1.0917949999999998
257,2023-04-07 01:31:44,1.09185,1.0918
258,2023-04-07 01:33:52,1.09165,1.0917975
259,2023-04-07 01:33:52,1.09165,1.0917975
260,2023-04-07 01:36:00,1.09165,1.091795
261,2023-04-07 01:36:00,1.09185,1.0918025
262,2023-04-07 01:36:00,1.09175,1.0918050000000001
263,2023-04-07 01:38:08,1.09175,1.0918050000000001
264,2023-04-07 01:38:08,1.09175,1.0918050000000001
265,2023-04-07 01:40:16,1.09175,1.0918025
266,2023-04-07 01:40:16,1.09175,1.0918
267,2023-04-07 01:42:24,1.0918,1.0917999999999999
268,2023-04-07 01:42:24,1.0918,1.0917975
269,2023-04-07 01:44:32,1.0918,1.091795
270,2023-04-07 01:44:32,1.09185,1.0917925
271,2023-04-07 01:46:40,1.09195,1.0917949999999998
272,2023-04-07 01:46:40,1.09195,1.0917975
273,2023-04-07 01:48:48,1.09195,1.0918
274,2023-04-07 01:48:48,1.09195,1.0918075
275,2023-04-07 01:50:56,1.0919,1.0918100000000002
276,2023-04-07 01:50:56,1.0919,1.0918125
277,2023-04-07 01:50:56,1.0919,1.091815
278,2023-04-07 01:53:04,1.09195,1.09183
279,2023-04-07 01:53:04,1.09195,1.091845
280,2023-04-07 01:55:12,1.09185,1.091855
281,2023-04-07 01:55:12,1.09185,1.0918550000000002
282,2023-04-07 01:57:20,1.0918,1.0918575000000001
283,2023-04-07 01:57:20,1.0918,1.09186
284,2023-04-07 01:59:28,1.09175,1.09186
285,2023-04-07 01:59:28,1.09175,1.09186
286,2023-04-07 02:01:36,1.09175,1.09186
287,2023-04-07 02:01:36,1.09175,1.0918575000000001
288,2023-04-07 02:03:44,1.0917,1.0918525000000001
289,2023-04-07 02:03:44,1.09175,1.09185
290,2023-04-07 02:05:52,1.09175,1.091845
291,2023-04-07 02:05:52,1.09175,1.091835
292,2023-04-07 02:08:00,1.0918,1.0918275
293,2023-04-07 02:08:00,1.09175,1.0918174999999999
294,2023-04-07 02:08:00,1.09175,1.0918075
295,2023-04-07 02:10:08,1.09175,1.0917999999999999
296,2023-04-07 02:10:08,1.09175,1.0917925
297,2023-04-07 02:12:16,1.09175,1.091785
298,2023-04-07 02:12:16,1.09175,1.0917750000000002
299,2023-04-07 02:14:24,1.09175,1.091765
300,2023-04-07 02:14:24,1.09175,1.09176
301,2023-04-07 02:16:32,1.0918,1.0917575
302,2023-04-07 02:16:32,1.09175,1.091755
303,2023-04-07 02:18:40,1.09175,1.0917525000000001
304,2023-04-07 02:18:40,1.09175,1.0917525
305,2023-04-07 02:20:48,1.0919,1.09176
306,2023-04-07 02:20:48,1.09185,1.091765
307,2023-04-07 02:22:56,1.0919,1.0917725
308,2023-04-07 02:22:56,1.0919,1.0917825
309,2023-04-07 02:25:04,1.0921,1.0917999999999999
310,2023-04-07 02:25:04,1.09205,1.091815
311,2023-04-07 02:25:04,1.0921,1.0918325000000002
312,2023-04-07 02:27:12,1.0921,1.0918475
313,2023-04-07 02:27:12,1.0921,1.0918649999999999
314,2023-04-07 02:29:20,1.0921,1.0918825
315,2023-04-07 02:29:20,1.09215,1.0919025000000002
316,2023-04-07 02:31:28,1.09215,1.0919225000000001
317,2023-04-07 02:31:28,1.0921,1.09194
318,2023-04-07 02:33:36,1.092,1.0919525
319,2023-04-07 02:33:36,1.09205,1.0919675000000002
320,2023-04-07 02:35:44,1.09205,1.0919824999999999
321,2023-04-07 02:35:44,1.09205,1.091995
322,2023-04-07 02:37:52,1.09205,1.09201
323,2023-04-07 02:37:52,1.09205,1.092025
324,2023-04-07 02:40:00,1.0921,1.0920425
325,2023-04-07 02:40:00,1.0921,1.0920525
326,2023-04-07 02:40:00,1.0921,1.092065
327,2023-04-07 02:42:08,1.0921,1.092075
328,2023-04-07 02:42:08,1.09215,1.0920875
329,2023-04-07 02:44:16,1.0921,1.0920875
330,2023-04-07 02:44:16,1.09215,1.0920925000000001
331,2023-04-07 02:46:24,1.0921,1.0920925000000001
332,2023-04-07 02:46:24,1.0921,1.0920925000000001
333,2023-04-07 02:48:32,1.0921,1.0920925
334,2023-04-07 02:48:32,1.0921,1.0920925000000001
335,2023-04-07 02:50:40,1.0921,1.09209
336,2023-04-07 02:50:40,1.0921,1.0920875
337,2023-04-07 02:52:48,1.0921,1.0920875
338,2023-04-07 02:52:48,1.0921,1.0920925000000001
339,2023-04-07 02:54:56,1.0921,1.092095
340,2023-04-07 02:54:56,1.0919,1.0920875
341,2023-04-07 02:54:56,1.0919,1.0920800000000002
342,2023-04-07 02:57:04,1.092,1.0920775
343,2023-04-07 02:57:04,1.09205,1.0920775
344,2023-04-07 02:59:12,1.09205,1.0920750000000001
345,2023-04-07 02:59:12,1.0921,1.092075
346,2023-04-07 03:01:20,1.09205,1.0920725
347,2023-04-07 03:01:20,1.09205,1.09207
348,2023-04-07 03:03:28,1.092,1.0920625
349,2023-04-07 03:03:28,1.092,1.0920575000000001
350,2023-04-07 03:05:36,1.092,1.09205
351,2023-04-07 03:05:36,1.09195,1.0920425
352,2023-04-07 03:07:44,1.092,1.0920375
353,2023-04-07 03:07:44,1.09205,1.092035
354,2023-04-07 03:09:52,1.09205,1.0920325
355,2023-04-07 03:09:52,1.09205,1.09203
356,2023-04-07 03:12:00,1.09205,1.0920275
357,2023-04-07 03:12:00,1.09205,1.092025
358,2023-04-07 03:12:00,1.09195,1.0920174999999999
359,2023-04-07 03:14:08,1.09195,1.09201
360,2023-04-07 03:14:08,1.09195,1.0920125
361,2023-04-07 03:16:16,1.09195,1.092015
362,2023-04-07 03:16:16,1.09195,1.0920125
363,2023-04-07 03:18:24,1.092,1.09201
364,2023-04-07 03:18:24,1.092,1.0920074999999998
365,2023-04-07 03:20:32,1.09195,1.092
366,2023-04-07 03:20:32,1.092,1.0919975000000002
367,2023-04-07 03:22:40,1.09195,1.0919925
368,2023-04-07 03:22:40,1.09195,1.09199
369,2023-04-07 03:24:48,1.09195,1.0919874999999999
370,2023-04-07 03:24:48,1.09195,1.091985
371,2023-04-07 03:26:56,1.09195,1.091985
372,2023-04-07 03:26:56,1.09195,1.0919824999999999
373,2023-04-07 03:29:04,1.092,1.09198
374,2023-04-07 03:29:04,1.092,1.0919775
375,2023-04-07 03:29:04,1.092,1.0919750000000001
376,2023-04-07 03:31:12,1.09195,1.0919699999999999
377,2023-04-07 03:31:12,1.09195,1.0919649999999999
378,2023-04-07 03:33:20,1.092,1.0919675000000002
379,2023-04-07 03:33:20,1.09195,1.0919675
380,2023-04-07 03:35:28,1.0919,1.091965
381,2023-04-07 03:35:28,1.092,1.0919675
382,2023-04-07 03:37:36,1.09195,1.0919675
383,2023-04-07 03:37:36,1.09195,1.091965
384,2023-04-07 03:39:44,1.09195,1.0919625000000002
385,2023-04-07 03:39:44,1.09195,1.0919625
386,2023-04-07 03:41:52,1.092,1.0919625
387,2023-04-07 03:41:52,1.092,1.091965
388,2023-04-07 03:44:00,1.092,1.0919675000000002
389,2023-04-07 03:44:00,1.09195,1.0919675
390,2023-04-07 03:44:00,1.09195,1.0919675
391,2023-04-07 03:46:08,1.09195,1.0919675
392,2023-04-07 03:46:08,1.09195,1.0919675
393,2023-04-07 03:48:16,1.09195,1.091965
394,2023-04-07 03:48:16,1.0919,1.09196
395,2023-04-07 03:50:24,1.09185,1.0919525
396,2023-04-07 03:50:24,1.0919,1.0919500000000002
397,2023-04-07 03:52:32,1.0919,1.0919475
398,2023-04-07 03:52:32,1.0919,1.0919425
399,2023-04-07 03:54:40,1.0919,1.0919400000000001
400,2023-04-07 03:54:40,1.09195,1.0919425
401,2023-04-07 03:56:48,1.09195,1.09194
402,2023-04-07 03:56:48,1.09195,1.09194
403,2023-04-07 03:58:56,1.09195,1.09194
404,2023-04-07 03:58:56,1.09195,1.09194
405,2023-04-07 03:58:56,1.09195,1.0919400000000001
406,2023-04-07 04:01:04,1.09195,1.0919375
407,2023-04-07 04:01:04,1.09195,1.0919349999999999
408,2023-04-07 04:03:12,1.092,1.0919349999999999
409,2023-04-07 04:03:12,1.092,1.0919375
410,2023-04-07 04:05:20,1.092,1.09194
411,2023-04-07 04:05:20,1.092,1.0919425
412,2023-04-07 04:07:28,1.092,1.091945
413,2023-04-07 04:07:28,1.092,1.0919475
414,2023-04-07 04:09:36,1.092,1.0919525
415,2023-04-07 04:09:36,1.09205,1.0919625
416,2023-04-07 04:11:44,1.092,1.0919675
417,2023-04-07 04:11:44,1.092,1.0919725000000002
418,2023-04-07 04:13:52,1.09195,1.091975
419,2023-04-07 04:13:52,1.09195,1.0919775
420,2023-04-07 04:16:00,1.09195,1.0919775
421,2023-04-07 04:16:00,1.09195,1.0919775
422,2023-04-07 04:16:00,1.09195,1.0919775
423,2023-04-07 04:18:08,1.09195,1.0919775
424,2023-04-07 04:18:08,1.0919,1.0919750000000001
425,2023-04-07 04:20:16,1.0919,1.0919725
426,2023-04-07 04:20:16,1.09195,1.0919725
427,2023-04-07 04:22:24,1.09185,1.0919675000000002
428,2023-04-07 04:22:24,1.09185,1.0919599999999998
429,2023-04-07 04:24:32,1.0919,1.091955
430,2023-04-07 04:24:32,1.09175,1.0919425
431,2023-04-07 04:26:40,1.09175,1.09193
432,2023-04-07 04:26:40,1.09175,1.0919175
433,2023-04-07 04:28:48,1.09175,1.091905
434,2023-04-07 04:28:48,1.09175,1.0918925
435,2023-04-07 04:30:56,1.09185,1.0918825
436,2023-04-07 04:30:56,1.09185,1.0918750000000002
437,2023-04-07 04:33:04,1.09185,1.0918674999999998
438,2023-04-07 04:33:04,1.09175,1.0918575000000001
439,2023-04-07 04:33:04,1.09175,1.0918475
440,2023-04-07 04:35:12,1.09175,1.0918375
441,2023-04-07 04:35:12,1.0918,1.09183
442,2023-04-07 04:37:20,1.0918,1.0918225
443,2023-04-07 04:37:20,1.0918,1.091815
444,2023-04-07 04:39:28,1.09185,1.0918125
445,2023-04-07 04:39:28,1.0918,1.0918075
446,2023-04-07 04:41:36,1.09175,1.0917975
447,2023-04-07 04:41:36,1.09175,1.0917925
448,2023-04-07 04:43:44,1.09175,1.0917875000000001
449,2023-04-07 04:43:44,1.0917,1.0917774999999998
450,2023-04-07 04:45:52,1.0917,1.0917750000000002
451,2023-04-07 04:45:52,1.0917,1.0917725
452,2023-04-07 04:48:00,1.0917,1.09177
453,2023-04-07 04:48:00,1.09175,1.09177
454,2023-04-07 04:48:00,1.09175,1.09177
455,2023-04-07 04:50:08,1.09165,1.09176
456,2023-04-07 04:50:08,1.09165,1.0917499999999998
457,2023-04-07 04:52:16,1.09165,1.0917400000000002
458,2023-04-07 04:52:16,1.0917,1.0917375
459,2023-04-07 04:54:24,1.09165,1.0917325
460,2023-04-07 04:54:24,1.0916,1.0917249999999998
461,2023-04-07 04:56:32,1.09155,1.0917124999999999
462,2023-04-07 04:56:32,1.0915,1.0916975
463,2023-04-07 04:58:40,1.0915,1.0916825
464,2023-04-07 04:58:40,1.09145,1.0916625
465,2023-04-07 05:00:48,1.09145,1.091645
466,2023-04-07 05:00:48,1.09145,1.0916299999999999
467,2023-04-07 05:02:56,1.0915,1.0916175
468,2023-04-07 05:02:56,1.09155,1.0916074999999998
469,2023-04-07 05:02:56,1.09155,1.0916000000000001
470,2023-04-07 05:05:04,1.09155,1.0915925
471,2023-04-07 05:05:04,1.09155,1.0915849999999998
472,2023-04-07 05:07:12,1.09155,1.0915775
473,2023-04-07 05:07:12,1.09155,1.0915675
474,2023-04-07 05:09:20,1.0916,1.0915599999999999
475,2023-04-07 05:09:20,1.09155,1.091555
476,2023-04-07 05:11:28,1.09155,1.0915500000000002
477,2023-04-07 05:11:28,1.0915,1.0915424999999999
478,2023-04-07 05:13:36,1.0915,1.0915325
479,2023-04-07 05:13:36,1.0915,1.091525
480,2023-04-07 05:15:44,1.0915,1.0915199999999998
481,2023-04-07 05:15:44,1.0915,1.0915175000000001
482,2023-04-07 05:17:52,1.09155,1.09152
483,2023-04-07 05:17:52,1.09155,1.0915225000000002
484,2023-04-07 05:20:00,1.0916,1.0915300000000001
485,2023-04-07 05:20:00,1.09165,1.09154
486,2023-04-07 05:20:00,1.09165,1.09155
487,2023-04-07 05:22:08,1.09165,1.0915575
488,2023-04-07 05:22:08,1.09165,1.0915625
489,2023-04-07 05:24:16,1.09165,1.0915675
490,2023-04-07 05:24:16,1.0916,1.09157
491,2023-04-07 05:26:24,1.0916,1.0915725
492,2023-04-07 05:26:24,1.09165,1.0915775
493,2023-04-07 05:28:32,1.0917,1.091585
494,2023-04-07 05:28:32,1.0917,1.09159
495,2023-04-07 05:30:40,1.0917,1.0915975
496,2023-04-07 05:30:40,1.0917,1.091605
497,2023-04-07 05:32:48,1.09175,1.0916175000000001
498,2023-04-07 05:32:48,1.0917,1.0916275
499,2023-04-07 05:34:56,1.0917,1.0916375
500,2023-04-07 05:34:56,1.0917,1.0916475
501,2023-04-07 05:37:04,1.09175,1.09166
502,2023-04-07 05:37:04,1.09165,1.0916649999999999
503,2023-04-07 05:37:04,1.0916,1.0916674999999998
504,2023-04-07 05:39:12,1.09155,1.0916649999999999
505,2023-04-07 05:39:12,1.0916,1.0916625
506,2023-04-07 05:41:20,1.0917,1.0916649999999999
507,2023-04-07 05:41:20,1.09175,1.09167
508,2023-04-07 05:43:28,1.09175,1.091675
509,2023-04-07 05:43:28,1.09165,1.091675
510,2023-04-07 05:45:36,1.09165,1.0916774999999999
511,2023-04-07 05:45:36,1.09165,1.0916799999999998
512,2023-04-07 05:47:44,1.09175,1.0916849999999998
513,2023-04-07 05:47:44,1.09175,1.0916875
514,2023-04-07 05:49:52,1.0918,1.0916925
515,2023-04-07 05:49:52,1.0918,1.0916975
516,2023-04-07 05:52:00,1.0918,1.0917025
517,2023-04-07 05:52:00,1.0918,1.091705
518,2023-04-07 05:52:00,1.09175,1.0917075
519,2023-04-07 05:54:08,1.0917,1.0917075
520,2023-04-07 05:54:08,1.0917,1.0917075
521,2023-04-07 05:56:16,1.09165,1.0917024999999998
522,2023-04-07 05:56:16,1.09165,1.0917025
523,2023-04-07 05:58:24,1.09165,1.091705
524,2023-04-07 05:58:24,1.0917,1.0917125
525,2023-04-07 06:00:32,1.0916,1.0917125
526,2023-04-07 06:00:32,1.09155,1.091705
527,2023-04-07 06:02:40,1.09155,1.091695
528,2023-04-07 06:02:40,1.09135,1.091675
529,2023-04-07 06:04:48,1.09135,1.09166
530,2023-04-07 06:04:48,1.0913,1.0916425
531,2023-04-07 06:06:56,1.09135,1.0916275
532,2023-04-07 06:06:56,1.0914,1.09161
533,2023-04-07 06:06:56,1.0914,1.0915925
534,2023-04-07 06:09:04,1.0914,1.0915725
535,2023-04-07 06:09:04,1.0914,1.0915525000000001
536,2023-04-07 06:11:12,1.0914,1.0915325
537,2023-04-07 06:11:12,1.09135,1.09151
538,2023-04-07 06:13:20,1.09115,1.09148
539,2023-04-07 06:13:20,1.0912,1.0914549999999998
540,2023-04-07 06:15:28,1.0912,1.09143
541,2023-04-07 06:15:28,1.0913,1.0914125000000001
542,2023-04-07 06:17:36,1.0913,1.091395
543,2023-04-07 06:17:36,1.0913,1.0913775
544,2023-04-07 06:19:44,1.0913,1.0913575
545,2023-04-07 06:19:44,1.0914,1.0913475
546,2023-04-07 06:21:52,1.0914,1.0913400000000002
547,2023-04-07 06:21:52,1.0914,1.0913325
548,2023-04-07 06:24:00,1.09135,1.0913325
549,2023-04-07 06:24:00,1.0914,1.091335
550,2023-04-07 06:24:00,1.09145,1.0913424999999999
551,2023-04-07 06:26:08,1.0915,1.0913499999999998
552,2023-04-07 06:26:08,1.0918,1.09137
553,2023-04-07 06:28:16,1.0919,1.091395
554,2023-04-07 06:28:16,1.0919,1.0914199999999998
555,2023-04-07 06:30:24,1.0918,1.09144
556,2023-04-07 06:30:24,1.0919,1.091465
557,2023-04-07 06:32:32,1.09175,1.091485
558,2023-04-07 06:32:32,1.0917,1.0915124999999999
559,2023-04-07 06:34:40,1.09165,1.091535
560,2023-04-07 06:34:40,1.09165,1.0915575
561,2023-04-07 06:36:48,1.09165,1.0915750000000002
562,2023-04-07 06:36:48,1.0916,1.09159
563,2023-04-07 06:38:56,1.09165,1.0916074999999998
564,2023-04-07 06:38:56,1.09165,1.091625
565,2023-04-07 06:41:04,1.09165,1.0916374999999998
566,2023-04-07 06:41:04,1.09165,1.09165
567,2023-04-07 06:41:04,1.09165,1.0916625
568,2023-04-07 06:43:12,1.09165,1.0916774999999999
569,2023-04-07 06:43:12,1.09165,1.09169
570,2023-04-07 06:45:20,1.09165,1.0917000000000001
571,2023-04-07 06:45:20,1.0917,1.0917100000000002
572,2023-04-07 06:47:28,1.0917,1.091705
573,2023-04-07 06:47:28,1.0917,1.091695
574,2023-04-07 06:49:36,1.0917,1.091685
575,2023-04-07 06:49:36,1.0917,1.0916799999999998
576,2023-04-07 06:51:44,1.0917,1.09167
577,2023-04-07 06:51:44,1.0917,1.0916674999999998
578,2023-04-07 06:53:52,1.0917,1.0916675
579,2023-04-07 06:53:52,1.0917,1.0916700000000001
580,2023-04-07 06:56:00,1.09165,1.09167
581,2023-04-07 06:56:00,1.0917,1.0916725
582,2023-04-07 06:56:00,1.0917,1.0916774999999999
583,2023-04-07 06:58:08,1.09175,1.0916825
584,2023-04-07 06:58:08,1.0918,1.09169
585,2023-04-07 07:00:16,1.0917,1.0916925000000002
586,2023-04-07 07:00:16,1.0917,1.091695
587,2023-04-07 07:02:24,1.09155,1.0916899999999998
588,2023-04-07 07:02:24,1.0916,1.0916875
589,2023-04-07 07:04:32,1.09165,1.0916875
590,2023-04-07 07:04:32,1.0917,1.0916899999999998
591,2023-04-07 07:06:40,1.09175,1.0916925
592,2023-04-07 07:06:40,1.0917,1.0916925
593,2023-04-07 07:08:48,1.0919,1.0917024999999998
594,2023-04-07 07:08:48,1.09175,1.091705
595,2023-04-07 07:10:56,1.09185,1.0917125
596,2023-04-07 07:10:56,1.0918,1.0917175000000001
597,2023-04-07 07:10:56,1.09175,1.09172
598,2023-04-07 07:13:04,1.09185,1.0917274999999997
599,2023-04-07 07:13:04,1.09185,1.091735
600,2023-04-07 07:15:12,1.0918,1.0917425
601,2023-04-07 07:15:12,1.0919,1.0917525000000001
602,2023-04-07 07:17:20,1.0919,1.0917625
603,2023-04-07 07:17:20,1.0919,1.09177
604,2023-04-07 07:19:28,1.09195,1.0917774999999998
605,2023-04-07 07:19:28,1.0919,1.0917875
606,2023-04-07 07:21:36,1.0919,1.0917975
607,2023-04-07 07:21:36,1.0919,1.091815
608,2023-04-07 07:23:44,1.0919,1.09183
609,2023-04-07 07:23:44,1.0919,1.0918425
610,2023-04-07 07:25:52,1.09175,1.091845
611,2023-04-07 07:25:52,1.0918,1.0918475
612,2023-04-07 07:28:00,1.09175,1.09185
613,2023-04-07 07:28:00,1.09185,1.0918475
614,2023-04-07 07:28:00,1.09185,1.0918525000000001
615,2023-04-07 07:30:08,1.09175,1.0918475
616,2023-04-07 07:30:08,1.09175,1.091845
617,2023-04-07 07:32:16,1.0917,1.0918424999999998
618,2023-04-07 07:32:16,1.0919,1.0918450000000002
619,2023-04-07 07:34:24,1.0919,1.0918475
620,2023-04-07 07:34:24,1.09185,1.0918500000000002
621,2023-04-07 07:36:32,1.09185,1.0918475
622,2023-04-07 07:36:32,1.0919,1.0918475
623,2023-04-07 07:38:40,1.0919,1.0918475
624,2023-04-07 07:38:40,1.0919,1.091845
625,2023-04-07 07:40:48,1.09175,1.0918375
626,2023-04-07 07:40:48,1.09175,1.09183
627,2023-04-07 07:42:56,1.0917,1.09182
628,2023-04-07 07:42:56,1.0917,1.0918100000000002
629,2023-04-07 07:45:04,1.0916,1.0917949999999998
630,2023-04-07 07:45:04,1.0916,1.0917875000000001
631,2023-04-07 07:45:04,1.09155,1.091775
632,2023-04-07 07:47:12,1.09155,1.091765
633,2023-04-07 07:47:12,1.0916,1.0917525
634,2023-04-07 07:49:20,1.0916,1.09174
635,2023-04-07 07:49:20,1.0915,1.0917274999999997
636,2023-04-07 07:51:28,1.09145,1.0917125
637,2023-04-07 07:51:28,1.0914,1.0916975
638,2023-04-07 07:53:36,1.0916,1.0916825
639,2023-04-07 07:53:36,1.0916,1.0916675
640,2023-04-07 07:55:44,1.09155,1.0916525
641,2023-04-07 07:55:44,1.09155,1.0916374999999998
642,2023-04-07 07:57:52,1.0915,1.0916175
643,2023-04-07 07:57:52,1.09155,1.0916000000000001
644,2023-04-07 08:00:00,1.09155,1.0915825
645,2023-04-07 08:00:00,1.0915,1.09157
646,2023-04-07 08:00:00,1.09135,1.09155
647,2023-04-07 08:02:08,1.0914,1.091535
648,2023-04-07 08:02:08,1.0914,1.09152
649,2023-04-07 08:04:16,1.09145,1.0915124999999999
650,2023-04-07 08:04:16,1.0915,1.0915075
651,2023-04-07 08:06:24,1.0915,1.091505
652,2023-04-07 08:06:24,1.09155,1.0915050000000002
653,2023-04-07 08:08:32,1.09145,1.0914975
654,2023-04-07 08:08:32,1.09145,1.09149
655,2023-04-07 08:10:40,1.09145,1.0914875
656,2023-04-07 08:10:40,1.0915,1.0914899999999998
657,2023-04-07 08:12:48,1.0915,1.0914949999999999
658,2023-04-07 08:12:48,1.0915,1.0914899999999998
659,2023-04-07 08:14:56,1.09145,1.0914825000000001
660,2023-04-07 08:14:56,1.0914,1.091475
661,2023-04-07 08:14:56,1.0914,1.0914674999999998
662,2023-04-07 08:17:04,1.09155,1.09147
663,2023-04-07 08:17:04,1.0915,1.0914674999999998
664,2023-04-07 08:19:12,1.09155,1.0914675
665,2023-04-07 08:19:12,1.09155,1.09147
666,2023-04-07 08:21:20,1.09155,1.09148
667,2023-04-07 08:21:20,1.09155,1.0914875
668,2023-04-07 08:23:28,1.0915,1.0914924999999998
669,2023-04-07 08:23:28,1.09155,1.0914975
670,2023-04-07 08:25:36,1.09155,1.0915
671,2023-04-07 08:25:36,1.09165,1.0915075
672,2023-04-07 08:27:44,1.0916,1.09151
673,2023-04-07 08:27:44,1.0916,1.0915175
674,2023-04-07 08:29:52,1.09165,1.0915275
675,2023-04-07 08:29:52,1.0917,1.09154
676,2023-04-07 08:32:00,1.0917,1.09155
677,2023-04-07 08:32:00,1.09175,1.0915625
678,2023-04-07 08:32:00,1.0917,1.0915725
679,2023-04-07 08:34:08,1.09165,1.0915825
680,2023-04-07 08:34:08,1.09165,1.0915949999999999
681,2023-04-07 08:36:16,1.09165,1.0916074999999998
682,2023-04-07 08:36:16,1.0917,1.091615
683,2023-04-07 08:38:24,1.09165,1.0916225000000002
684,2023-04-07 08:38:24,1.09165,1.0916275
685,2023-04-07 08:40:32,1.09155,1.0916275
686,2023-04-07 08:40:32,1.09155,1.0916275
687,2023-04-07 08:42:40,1.0915,1.091625
688,2023-04-07 08:42:40,1.0915,1.091625
689,2023-04-07 08:44:48,1.09155,1.091625
690,2023-04-07 08:44:48,1.09155,1.091625
691,2023-04-07 08:46:56,1.0916,1.0916225
692,2023-04-07 08:46:56,1.0916,1.0916225000000002
693,2023-04-07 08:49:04,1.0916,1.0916225000000002
694,2023-04-07 08:49:04,1.09155,1.0916175
695,2023-04-07 08:49:04,1.0915,1.0916074999999998
696,2023-04-07 08:51:12,1.09155,1.0916000000000001
697,2023-04-07 08:51:12,1.0915,1.0915875
698,2023-04-07 08:53:20,1.0915,1.0915775
699,2023-04-07 08:53:20,1.0915,1.09157
700,2023-04-07 08:55:28,1.0915,1.0915625
701,2023-04-07 08:55:28,1.0915,1.091555
702,2023-04-07 08:57:36,1.0915,1.091545
703,2023-04-07 08:57:36,1.0915,1.0915374999999998
704,2023-04-07 08:59:44,1.09155,1.0915325
705,2023-04-07 08:59:44,1.0915,1.09153
706,2023-04-07 09:01:52,1.09125,1.091515
707,2023-04-07 09:01:52,1.09125,1.0915025
708,2023-04-07 09:04:00,1.09125,1.0914899999999998
709,2023-04-07 09:04:00,1.09115,1.09147
710,2023-04-07 09:04:00,1.09125,1.091455
711,2023-04-07 09:06:08,1.09125,1.0914375
712,2023-04-07 09:06:08,1.0913,1.0914225
713,2023-04-07 09:08:16,1.0912,1.0914024999999998
714,2023-04-07 09:08:16,1.0913,1.09139
715,2023-04-07 09:10:24,1.0914,1.091385
716,2023-04-07 09:10:24,1.09145,1.0913799999999998
717,2023-04-07 09:12:32,1.09145,1.0913775
718,2023-04-07 09:12:32,1.0914,1.0913724999999999
719,2023-04-07 09:14:40,1.09145,1.09137
720,2023-04-07 09:14:40,1.09155,1.0913724999999999
721,2023-04-07 09:16:48,1.09155,1.091375
722,2023-04-07 09:16:48,1.09155,1.0913775
723,2023-04-07 09:18:56,1.0915,1.0913775
724,2023-04-07 09:18:56,1.09155,1.0913775000000001
725,2023-04-07 09:18:56,1.0915,1.0913775000000001
726,2023-04-07 09:21:04,1.09145,1.0913875
727,2023-04-07 09:21:04,1.09145,1.0913975
728,2023-04-07 09:23:12,1.0915,1.0914100000000002
729,2023-04-07 09:23:12,1.0915,1.0914275
730,2023-04-07 09:25:20,1.09145,1.0914375
731,2023-04-07 09:25:20,1.0915,1.09145
732,2023-04-07 09:27:28,1.0914,1.091455
733,2023-04-07 09:27:28,1.09135,1.0914625
734,2023-04-07 09:29:36,1.0914,1.0914674999999998
735,2023-04-07 09:29:36,1.09135,1.091465
736,2023-04-07 09:31:44,1.09135,1.09146
737,2023-04-07 09:31:44,1.0914,1.0914575
738,2023-04-07 09:33:52,1.0914,1.0914575
739,2023-04-07 09:33:52,1.09135,1.0914525000000002
740,2023-04-07 09:36:00,1.09145,1.0914475
741,2023-04-07 09:36:00,1.09135,1.0914375
742,2023-04-07 09:36:00,1.0914,1.0914300000000001
743,2023-04-07 09:38:08,1.0913,1.0914199999999998
744,2023-04-07 09:38:08,1.09135,1.09141
745,2023-04-07 09:40:16,1.09135,1.0914024999999998
746,2023-04-07 09:40:16,1.0914,1.0914
747,2023-04-07 09:42:24,1.0914,1.0913974999999998
748,2023-04-07 09:42:24,1.09145,1.091395
749,2023-04-07 09:44:32,1.0915,1.091395
750,2023-04-07 09:44:32,1.0915,1.0913975
751,2023-04-07 09:46:40,1.0915,1.0913975
752,2023-04-07 09:46:40,1.09145,1.0914
753,2023-04-07 09:48:48,1.0914,1.0914024999999998
754,2023-04-07 09:48:48,1.0914,1.0914025
755,2023-04-07 09:50:56,1.0914,1.091405
756,2023-04-07 09:50:56,1.0914,1.0914075
757,2023-04-07 09:53:04,1.0914,1.0914075
758,2023-04-07 09:53:04,1.0914,1.0914075
759,2023-04-07 09:53:04,1.0914,1.09141
760,2023-04-07 09:55:12,1.09135,1.091405
761,2023-04-07 09:55:12,1.09135,1.091405
762,2023-04-07 09:57:20,1.0914,1.091405
763,2023-04-07 09:57:20,1.0914,1.09141
764,2023-04-07 09:59:28,1.09135,1.09141
765,2023-04-07 09:59:28,1.0914,1.0914125000000001
766,2023-04-07 10:01:36,1.0914,1.0914125000000001
767,2023-04-07 10:01:36,1.09135,1.09141
768,2023-04-07 10:03:44,1.09125,1.0914
769,2023-04-07 10:03:44,1.09125,1.0913875
770,2023-04-07 10:05:52,1.09125,1.0913749999999998
771,2023-04-07 10:05:52,1.0912,1.0913599999999999
772,2023-04-07 10:08:00,1.09115,1.091345
773,2023-04-07 10:08:00,1.09115,1.0913325
774,2023-04-07 10:08:00,1.0911,1.0913175
775,2023-04-07 10:10:08,1.0911,1.0913024999999998
776,2023-04-07 10:10:08,1.09105,1.0912849999999998
777,2023-04-07 10:12:16,1.09125,1.0912775
778,2023-04-07 10:12:16,1.09135,1.091275
779,2023-04-07 10:14:24,1.0914,1.091275
780,2023-04-07 10:14:24,1.0914,1.0912775
781,2023-04-07 10:16:32,1.09135,1.0912775
782,2023-04-07 10:16:32,1.0914,1.0912775
783,2023-04-07 10:18:40,1.0914,1.0912775
784,2023-04-07 10:18:40,1.0914,1.0912799999999998
785,2023-04-07 10:20:48,1.0914,1.0912799999999998
786,2023-04-07 10:20:48,1.09145,1.0912825
787,2023-04-07 10:22:56,1.09155,1.0912925
788,2023-04-07 10:22:56,1.0916,1.09131
789,2023-04-07 10:22:56,1.09155,1.0913249999999999
790,2023-04-07 10:25:04,1.0916,1.0913425
791,2023-04-07 10:25:04,1.0916,1.0913625
792,2023-04-07 10:27:12,1.0916,1.091385
793,2023-04-07 10:27:12,1.09155,1.091405
794,2023-04-07 10:29:20,1.09155,1.0914275
795,2023-04-07 10:29:20,1.09155,1.09145
796,2023-04-07 10:31:28,1.0915,1.0914724999999998
797,2023-04-07 10:31:28,1.0916,1.0914899999999998
798,2023-04-07 10:33:36,1.09175,1.09151
799,2023-04-07 10:33:36,1.0917,1.091525
800,2023-04-07 10:35:44,1.0917,1.09154
801,2023-04-07 10:35:44,1.09175,1.0915599999999999
802,2023-04-07 10:37:52,1.09175,1.0915774999999999
803,2023-04-07 10:37:52,1.09175,1.091595
804,2023-04-07 10:40:00,1.0918,1.091615
805,2023-04-07 10:40:00,1.09175,1.0916325
806,2023-04-07 10:40:00,1.0918,1.09165
807,2023-04-07 10:42:08,1.09175,1.09166
808,2023-04-07 10:42:08,1.09185,1.0916725
809,2023-04-07 10:44:16,1.09175,1.0916825
810,2023-04-07 10:44:16,1.0918,1.0916925000000002
811,2023-04-07 10:46:24,1.09185,1.091705
812,2023-04-07 10:46:24,1.09185,1.0917175000000001
813,2023-04-07 10:48:32,1.09185,1.0917325
814,2023-04-07 10:48:32,1.0919,1.09175
815,2023-04-07 10:50:40,1.09185,1.091765
816,2023-04-07 10:50:40,1.09185,1.0917825
817,2023-04-07 10:52:48,1.0919,1.0917975
818,2023-04-07 10:52:48,1.09185,1.0918025
819,2023-04-07 10:54:56,1.0919,1.0918125
820,2023-04-07 10:54:56,1.0919,1.0918225
821,2023-04-07 10:57:04,1.09195,1.0918325
822,2023-04-07 10:57:04,1.092,1.091845
823,2023-04-07 10:57:04,1.09215,1.0918649999999999
824,2023-04-07 10:59:12,1.09215,1.0918825
825,2023-04-07 10:59:12,1.0921,1.0919
826,2023-04-07 11:01:20,1.0919,1.0919050000000001
827,2023-04-07 11:01:20,1.0919,1.0919124999999998
828,2023-04-07 11:03:28,1.0918,1.09191
829,2023-04-07 11:03:28,1.09185,1.091915
830,2023-04-07 11:05:36,1.09185,1.0919174999999999
831,2023-04-07 11:05:36,1.0919,1.09192
832,2023-04-07 11:07:44,1.09185,1.09192
833,2023-04-07 11:07:44,1.0918,1.0919174999999999
834,2023-04-07 11:09:52,1.0918,1.0919125
835,2023-04-07 11:09:52,1.09195,1.0919175
836,2023-04-07 11:12:00,1.09205,1.0919275
837,2023-04-07 11:12:00,1.092,1.0919325
838,2023-04-07 11:12:00,1.092,1.09194
839,2023-04-07 11:14:08,1.092,1.0919450000000002
840,2023-04-07 11:14:08,1.09195,1.0919475
841,2023-04-07 11:16:16,1.09195,1.0919475
842,2023-04-07 11:16:16,1.09195,1.091945
843,2023-04-07 11:18:24,1.09195,1.091935
844,2023-04-07 11:18:24,1.09195,1.0919250000000003
845,2023-04-07 11:20:32,1.0918,1.09191
846,2023-04-07 11:20:32,1.0918,1.0919050000000001
847,2023-04-07 11:22:40,1.0918,1.0919
848,2023-04-07 11:22:40,1.0918,1.0919
849,2023-04-07 11:24:48,1.0918,1.0918975000000002
850,2023-04-07 11:24:48,1.0918,1.091895
851,2023-04-07 11:26:56,1.0918,1.09189
852,2023-04-07 11:26:56,1.09185,1.09189
853,2023-04-07 11:26:56,1.09185,1.0918925000000002
854,2023-04-07 11:29:04,1.09185,1.091895
855,2023-04-07 11:29:04,1.09185,1.0918899999999998
856,2023-04-07 11:31:12,1.09185,1.0918800000000002
857,2023-04-07 11:31:12,1.09175,1.0918675
858,2023-04-07 11:33:20,1.0918,1.0918575000000001
859,2023-04-07 11:33:20,1.0918,1.0918474999999999
860,2023-04-07 11:35:28,1.0918,1.0918400000000001
861,2023-04-07 11:35:28,1.0917,1.0918275000000002
862,2023-04-07 11:37:36,1.0917,1.091815
863,2023-04-07 11:37:36,1.0917,1.0918025
864,2023-04-07 11:39:44,1.0917,1.09179
865,2023-04-07 11:39:44,1.0916,1.09178
866,2023-04-07 11:41:52,1.0916,1.09177
867,2023-04-07 11:41:52,1.0916,1.09176
868,2023-04-07 11:44:00,1.09145,1.0917425
869,2023-04-07 11:44:00,1.09145,1.0917249999999998
870,2023-04-07 11:44:00,1.09155,1.0917125
871,2023-04-07 11:46:08,1.0916,1.0917025
872,2023-04-07 11:46:08,1.09155,1.0916875
873,2023-04-07 11:48:16,1.0915,1.09167
874,2023-04-07 11:48:16,1.09145,1.09165
875,2023-04-07 11:50:24,1.0915,1.0916325
876,2023-04-07 11:50:24,1.0915,1.091615
877,2023-04-07 11:52:32,1.09155,1.091605
878,2023-04-07 11:52:32,1.09155,1.0915925
879,2023-04-07 11:54:40,1.09155,1.09158
880,2023-04-07 11:54:40,1.09155,1.0915674999999998
881,2023-04-07 11:56:48,1.09155,1.0915599999999999
882,2023-04-07 11:56:48,1.0916,1.091555
883,2023-04-07 11:58:56,1.0916,1.09155
884,2023-04-07 11:58:56,1.09175,1.0915525000000001
885,2023-04-07 12:01:04,1.0916,1.0915525000000001
886,2023-04-07 12:01:04,1.09155,1.09155
887,2023-04-07 12:01:04,1.0916,1.09155
888,2023-04-07 12:03:12,1.09155,1.091555
889,2023-04-07 12:03:12,1.09165,1.091565
890,2023-04-07 12:05:20,1.09165,1.09157
891,2023-04-07 12:05:20,1.09165,1.0915725
892,2023-04-07 12:07:28,1.09165,1.0915775
893,2023-04-07 12:07:28,1.09165,1.091585
894,2023-04-07 12:09:36,1.09165,1.091595
895,2023-04-07 12:09:36,1.0916,1.0916000000000001
896,2023-04-07 12:11:44,1.09155,1.0916025
897,2023-04-07 12:11:44,1.09155,1.0916025
898,2023-04-07 12:13:52,1.09145,1.0915975
899,2023-04-07 12:13:52,1.0915,1.0915949999999999
900,2023-04-07 12:16:00,1.09145,1.09159
901,2023-04-07 12:16:00,1.0915,1.0915875
902,2023-04-07 12:16:00,1.09145,1.09158
903,2023-04-07 12:18:08,1.0916,1.09158
904,2023-04-07 12:18:08,1.09145,1.091565
905,2023-04-07 12:20:16,1.09155,1.0915624999999998
906,2023-04-07 12:20:16,1.09155,1.0915625
907,2023-04-07 12:22:24,1.09155,1.09156
908,2023-04-07 12:22:24,1.09155,1.0915599999999999
909,2023-04-07 12:24:32,1.09155,1.091555
910,2023-04-07 12:24:32,1.09135,1.09154
911,2023-04-07 12:26:40,1.09115,1.0915149999999998
912,2023-04-07 12:26:40,1.0912,1.0914925
913,2023-04-07 12:28:48,1.0913,1.091475
914,2023-04-07 12:28:48,1.0914,1.0914625
915,2023-04-07 12:30:56,1.0909,1.0914275
916,2023-04-07 12:30:56,1.09065,1.0913825000000001
917,2023-04-07 12:30:56,1.09055,1.0913324999999998
918,2023-04-07 12:33:04,1.08965,1.0912425000000001
919,2023-04-07 12:33:04,1.0886,1.0910975
920,2023-04-07 12:35:12,1.08835,1.0909425
921,2023-04-07 12:35:12,1.0883,1.0907825
922,2023-04-07 12:37:20,1.088,1.09061
923,2023-04-07 12:37:20,1.0882,1.09044
924,2023-04-07 12:39:28,1.0887,1.0903025
925,2023-04-07 12:39:28,1.0888,1.090165
926,2023-04-07 12:41:36,1.0892,1.0900475
927,2023-04-07 12:41:36,1.08915,1.0899275000000002
928,2023-04-07 12:43:44,1.0895,1.089825
929,2023-04-07 12:43:44,1.08945,1.08972
930,2023-04-07 12:45:52,1.08945,1.089625
931,2023-04-07 12:45:52,1.0893,1.0895325
932,2023-04-07 12:48:00,1.08955,1.08945
933,2023-04-07 12:48:00,1.0906,1.089415
934,2023-04-07 12:48:00,1.0903,1.0893599999999999
935,2023-04-07 12:50:08,1.09045,1.0893374999999998
936,2023-04-07 12:50:08,1.09035,1.0893225
937,2023-04-07 12:52:16,1.0904,1.089315
938,2023-04-07 12:52:16,1.09,1.0893324999999998
939,2023-04-07 12:54:24,1.0903,1.0894175000000001
940,2023-04-07 12:54:24,1.09025,1.0895125
941,2023-04-07 12:56:32,1.09025,1.08961
942,2023-04-07 12:56:32,1.09025,1.0897225000000001
943,2023-04-07 12:58:40,1.09025,1.0898249999999998
944,2023-04-07 12:58:40,1.09035,1.0899075
945,2023-04-07 13:00:48,1.09045,1.08999
946,2023-04-07 13:00:48,1.09045,1.0900525
947,2023-04-07 13:02:56,1.0906,1.090125
948,2023-04-07 13:02:56,1.0905,1.090175
949,2023-04-07 13:05:04,1.0903,1.0902175
950,2023-04-07 13:05:04,1.09075,1.0902825
951,2023-04-07 13:05:04,1.09055,1.0903450000000001
952,2023-04-07 13:07:12,1.09055,1.090395
953,2023-04-07 13:07:12,1.0907,1.0904
954,2023-04-07 13:09:20,1.09075,1.0904225
955,2023-04-07 13:09:20,1.09055,1.0904275
956,2023-04-07 13:11:28,1.09045,1.0904325
957,2023-04-07 13:11:28,1.0904,1.0904325
958,2023-04-07 13:13:36,1.09025,1.090445
959,2023-04-07 13:13:36,1.0901,1.0904349999999998
960,2023-04-07 13:15:44,1.0898,1.0904125
961,2023-04-07 13:15:44,1.08985,1.0903924999999999
962,2023-04-07 13:17:52,1.0899,1.0903749999999999
963,2023-04-07 13:17:52,1.08985,1.0903550000000002
964,2023-04-07 13:20:00,1.08985,1.09033
965,2023-04-07 13:20:00,1.0898,1.0902975
966,2023-04-07 13:20:00,1.0898,1.090265
967,2023-04-07 13:22:08,1.0898,1.090225
968,2023-04-07 13:22:08,1.08975,1.0901874999999999
969,2023-04-07 13:24:16,1.0899,1.0901675
970,2023-04-07 13:24:16,1.09005,1.0901325
971,2023-04-07 13:26:24,1.0901,1.09011
972,2023-04-07 13:26:24,1.09025,1.090095
973,2023-04-07 13:28:32,1.09015,1.0900675
974,2023-04-07 13:28:32,1.09025,1.0900425
975,2023-04-07 13:30:40,1.09025,1.0900275000000001
976,2023-04-07 13:30:40,1.0902,1.090015
977,2023-04-07 13:32:48,1.0902,1.0900050000000001
978,2023-04-07 13:32:48,1.09015,1.09
979,2023-04-07 13:34:56,1.0902,1.0900050000000001
980,2023-04-07 13:34:56,1.09025,1.0900275000000001
981,2023-04-07 13:34:56,1.09025,1.0900475
982,2023-04-07 13:37:04,1.0902,1.0900625000000002
983,2023-04-07 13:37:04,1.0902,1.09008
984,2023-04-07 13:39:12,1.09015,1.090095
985,2023-04-07 13:39:12,1.0901,1.09011
986,2023-04-07 13:41:20,1.0898,1.09011
987,2023-04-07 13:41:20,1.08965,1.0901025
988,2023-04-07 13:43:28,1.08945,1.0900875
989,2023-04-07 13:43:28,1.08955,1.09007
990,2023-04-07 13:45:36,1.08955,1.090045
991,2023-04-07 13:45:36,1.08955,1.0900175
992,2023-04-07 13:47:44,1.08955,1.0899825
993,2023-04-07 13:47:44,1.08985,1.0899675
994,2023-04-07 13:49:52,1.08985,1.0899475
995,2023-04-07 13:49:52,1.08975,1.0899225
996,2023-04-07 13:52:00,1.08965,1.0898949999999998
997,2023-04-07 13:52:00,1.08955,1.0898625000000002
998,2023-04-07 13:52:00,1.08945,1.0898275
999,2023-04-07 13:54:08,1.08935,1.089785
1000,2023-04-07 13:54:08,1.0895,1.0897475
1001,2023-04-07 13:56:16,1.0895,1.08971
1002,2023-04-07 13:56:16,1.08965,1.0896825
1003,2023-04-07 13:58:24,1.08975,1.0896599999999999
1004,2023-04-07 13:58:24,1.08985,1.0896450000000002
1005,2023-04-07 14:00:32,1.08995,1.0896375
1006,2023-04-07 14:00:32,1.09005,1.0896500000000002
1007,2023-04-07 14:02:40,1.08995,1.0896649999999999
1008,2023-04-07 14:02:40,1.09005,1.089695
1009,2023-04-07 14:04:48,1.0902,1.0897275
1010,2023-04-07 14:04:48,1.09035,1.0897675000000002
1011,2023-04-07 14:06:56,1.0904,1.08981
1012,2023-04-07 14:06:56,1.0904,1.0898525
1013,2023-04-07 14:09:04,1.0904,1.0898800000000002
1014,2023-04-07 14:09:04,1.0904,1.0899075
1015,2023-04-07 14:09:04,1.0904,1.08994
1016,2023-04-07 14:11:12,1.0905,1.0899825
1017,2023-04-07 14:11:12,1.09055,1.0900325
1018,2023-04-07 14:13:20,1.0906,1.09009
1019,2023-04-07 14:13:20,1.0907,1.0901575
1020,2023-04-07 14:15:28,1.0907,1.0902175
1021,2023-04-07 14:15:28,1.0908,1.0902825
1022,2023-04-07 14:17:36,1.09075,1.0903375
1023,2023-04-07 14:17:36,1.09075,1.0903874999999998
1024,2023-04-07 14:19:44,1.0908,1.090435
1025,2023-04-07 14:19:44,1.09085,1.09048
1026,2023-04-07 14:21:52,1.09095,1.090525
1027,2023-04-07 14:21:52,1.091,1.0905775
1028,2023-04-07 14:24:00,1.09105,1.0906274999999999
1029,2023-04-07 14:24:00,1.091,1.0906675
1030,2023-04-07 14:24:00,1.0911,1.090705
1031,2023-04-07 14:26:08,1.09125,1.0907475
1032,2023-04-07 14:26:08,1.0913,1.0907925
1033,2023-04-07 14:28:16,1.09135,1.09084
1034,2023-04-07 14:28:16,1.0913,1.0908849999999999
1035,2023-04-07 14:30:24,1.0911,1.0909200000000001
1036,2023-04-07 14:30:24,1.09105,1.0909475
1037,2023-04-07 14:32:32,1.09105,1.0909725000000001
1038,2023-04-07 14:32:32,1.09095,1.0909900000000001
1039,2023-04-07 14:34:40,1.0911,1.09101
1040,2023-04-07 14:34:40,1.09105,1.0910275
1041,2023-04-07 14:36:48,1.09115,1.091045
1042,2023-04-07 14:36:48,1.0911,1.0910625
1043,2023-04-07 14:38:56,1.09115,1.0910825
1044,2023-04-07 14:38:56,1.09115,1.0911
1045,2023-04-07 14:38:56,1.09125,1.09112
1046,2023-04-07 14:41:04,1.0911,1.0911275000000002
1047,2023-04-07 14:41:04,1.09115,1.091135
1048,2023-04-07 14:43:12,1.0912,1.0911425000000001
1049,2023-04-07 14:43:12,1.0914,1.0911625
1050,2023-04-07 14:45:20,1.0913,1.0911725
1051,2023-04-07 14:45:20,1.09125,1.0911725
1052,2023-04-07 14:47:28,1.0913,1.0911725
1053,2023-04-07 14:47:28,1.0913,1.0911700000000002
1054,2023-04-07 14:49:36,1.09135,1.0911725
1055,2023-04-07 14:49:36,1.0913,1.0911825
1056,2023-04-07 14:51:44,1.09135,1.0911975
1057,2023-04-07 14:51:44,1.09135,1.0912125
1058,2023-04-07 14:53:52,1.09135,1.0912324999999998
1059,2023-04-07 14:53:52,1.0913,1.0912425000000001
1060,2023-04-07 14:56:00,1.0912,1.09125
1061,2023-04-07 14:56:00,1.0913,1.0912575
1062,2023-04-07 14:56:00,1.0913,1.0912675
1063,2023-04-07 14:58:08,1.0913,1.091275
1064,2023-04-07 14:58:08,1.0915,1.0912925000000002
1065,2023-04-07 15:00:16,1.09145,1.0913024999999998
1066,2023-04-07 15:00:16,1.09115,1.0913049999999997
1067,2023-04-07 15:02:24,1.0911,1.0913024999999998
1068,2023-04-07 15:02:24,1.09115,1.0913
1069,2023-04-07 15:04:32,1.09125,1.0912925
1070,2023-04-07 15:04:32,1.09115,1.0912849999999998
1071,2023-04-07 15:06:40,1.091,1.0912725
1072,2023-04-07 15:06:40,1.09075,1.091245
1073,2023-04-07 15:08:48,1.0909,1.0912250000000001
1074,2023-04-07 15:08:48,1.09075,1.0911950000000001
1075,2023-04-07 15:10:56,1.09075,1.0911675
1076,2023-04-07 15:10:56,1.09065,1.0911325
1077,2023-04-07 15:13:04,1.09065,1.0910975
1078,2023-04-07 15:13:04,1.0906,1.0910600000000001
1079,2023-04-07 15:13:04,1.0906,1.091025
1080,2023-04-07 15:15:12,1.0906,1.090995
1081,2023-04-07 15:15:12,1.09065,1.0909625
1082,2023-04-07 15:17:20,1.09065,1.09093
1083,2023-04-07 15:17:20,1.0907,1.0909
1084,2023-04-07 15:19:28,1.09075,1.0908624999999998
1085,2023-04-07 15:19:28,1.0908,1.09083
1086,2023-04-07 15:21:36,1.09075,1.09081
1087,2023-04-07 15:21:36,1.09075,1.0907925
1088,2023-04-07 15:23:44,1.0908,1.090775
1089,2023-04-07 15:23:44,1.0908,1.0907525
1090,2023-04-07 15:25:52,1.0908,1.090735
1091,2023-04-07 15:25:52,1.0908,1.090725
1092,2023-04-07 15:28:00,1.0908,1.0907275
1093,2023-04-07 15:28:00,1.09085,1.090725
1094,2023-04-07 15:28:00,1.0908,1.0907274999999998
1095,2023-04-07 15:30:08,1.09085,1.0907325
1096,2023-04-07 15:30:08,1.09085,1.0907425
1097,2023-04-07 15:32:16,1.09085,1.0907525000000002
1098,2023-04-07 15:32:16,1.09085,1.090765
1099,2023-04-07 15:34:24,1.09085,1.0907775000000002
1100,2023-04-07 15:34:24,1.09085,1.09079
1101,2023-04-07 15:36:32,1.09085,1.0908
1102,2023-04-07 15:36:32,1.09085,1.0908099999999998
1103,2023-04-07 15:38:40,1.09085,1.0908175000000002
1104,2023-04-07 15:38:40,1.09085,1.0908225000000003
1105,2023-04-07 15:40:48,1.0908,1.0908225
1106,2023-04-07 15:40:48,1.09085,1.0908275
1107,2023-04-07 15:42:56,1.0908,1.09083
1108,2023-04-07 15:42:56,1.09085,1.0908324999999999
1109,2023-04-07 15:42:56,1.09085,1.090835
1110,2023-04-07 15:45:04,1.09085,1.0908375
1111,2023-04-07 15:45:04,1.0908,1.0908375000000001
1112,2023-04-07 15:47:12,1.09085,1.09084
1113,2023-04-07 15:47:12,1.09085,1.09084
1114,2023-04-07 15:49:20,1.09085,1.0908425000000002
1115,2023-04-07 15:49:20,1.091,1.09085
1116,2023-04-07 15:51:28,1.091,1.0908575
1117,2023-04-07 15:51:28,1.09105,1.0908675
1118,2023-04-07 15:53:36,1.0912,1.090885
1119,2023-04-07 15:53:36,1.0912,1.0909024999999999
1120,2023-04-07 15:55:44,1.0912,1.0909200000000001
1121,2023-04-07 15:55:44,1.0912,1.0909375000000001
1122,2023-04-07 15:57:52,1.0912,1.0909550000000001
1123,2023-04-07 15:57:52,1.0912,1.0909725
1124,2023-04-07 16:00:00,1.0912,1.0909900000000001
1125,2023-04-07 16:00:00,1.0912,1.09101
1126,2023-04-07 16:00:00,1.0912,1.0910275
1127,2023-04-07 16:02:08,1.09125,1.09105
1128,2023-04-07 16:02:08,1.09125,1.09107
1129,2023-04-07 16:04:16,1.0912,1.0910875
1130,2023-04-07 16:04:16,1.09115,1.0911025
1131,2023-04-07 16:06:24,1.09115,1.0911199999999999
1132,2023-04-07 16:06:24,1.09105,1.0911300000000002
1133,2023-04-07 16:08:32,1.09105,1.09114
1134,2023-04-07 16:08:32,1.09105,1.09115
1135,2023-04-07 16:10:40,1.0911,1.091155
1136,2023-04-07 16:10:40,1.09105,1.0911575
1137,2023-04-07 16:12:48,1.0911,1.09116
1138,2023-04-07 16:12:48,1.09115,1.0911575
1139,2023-04-07 16:14:56,1.0911,1.0911525
1140,2023-04-07 16:14:56,1.09115,1.09115
1141,2023-04-07 16:17:04,1.09115,1.0911475000000002
1142,2023-04-07 16:17:04,1.09115,1.091145
1143,2023-04-07 16:17:04,1.09115,1.0911425
1144,2023-04-07 16:19:12,1.09115,1.09114
1145,2023-04-07 16:19:12,1.0912,1.09114
1146,2023-04-07 16:21:20,1.0912,1.09114
1147,2023-04-07 16:21:20,1.09125,1.09114
1148,2023-04-07 16:23:28,1.09125,1.09114
1149,2023-04-07 16:23:28,1.09125,1.0911425
1150,2023-04-07 16:25:36,1.0912,1.091145
1151,2023-04-07 16:25:36,1.0912,1.0911475000000002
1152,2023-04-07 16:27:44,1.0911,1.09115
1153,2023-04-07 16:27:44,1.0911,1.0911525
1154,2023-04-07 16:29:52,1.09105,1.0911525000000002
1155,2023-04-07 16:29:52,1.09115,1.091155
1156,2023-04-07 16:32:00,1.09115,1.09116
1157,2023-04-07 16:32:00,1.0912,1.091165
1158,2023-04-07 16:32:00,1.0909,1.0911525000000002
1159,2023-04-07 16:34:08,1.09095,1.091145
1160,2023-04-07 16:34:08,1.091,1.0911375
1161,2023-04-07 16:36:16,1.09105,1.0911325
1162,2023-04-07 16:36:16,1.09105,1.0911275
1163,2023-04-07 16:38:24,1.09105,1.0911225
1164,2023-04-07 16:38:24,1.09105,1.0911175
1165,2023-04-07 16:40:32,1.09105,1.09111
1166,2023-04-07 16:40:32,1.09105,1.0911025
1167,2023-04-07 16:42:40,1.09115,1.0910975
1168,2023-04-07 16:42:40,1.0911,1.09109
1169,2023-04-07 16:44:48,1.09115,1.091085
1170,2023-04-07 16:44:48,1.09115,1.0910825000000002
1171,2023-04-07 16:46:56,1.09115,1.09108
1172,2023-04-07 16:46:56,1.09115,1.0910825
1173,2023-04-07 16:46:56,1.0911,1.0910825000000002
1174,2023-04-07 16:49:04,1.09105,1.0910825
1175,2023-04-07 16:49:04,1.09095,1.0910725000000001
1176,2023-04-07 16:51:12,1.0909,1.0910600000000001
1177,2023-04-07 16:51:12,1.091,1.09105
1178,2023-04-07 16:53:20,1.091,1.091055
1179,2023-04-07 16:53:20,1.091,1.0910575
1180,2023-04-07 16:55:28,1.091,1.0910575
1181,2023-04-07 16:55:28,1.091,1.091055
1182,2023-04-07 16:57:36,1.09095,1.09105
1183,2023-04-07 16:57:36,1.091,1.0910475000000002
1184,2023-04-07 16:59:44,1.091,1.0910449999999998
1185,2023-04-07 16:59:44,1.091,1.0910425
1186,2023-04-07 17:01:52,1.091,1.09104
1187,2023-04-07 17:01:52,1.091,1.0910325
1188,2023-04-07 17:04:00,1.0909,1.0910225
1189,2023-04-07 17:04:00,1.09095,1.0910125000000002
1190,2023-04-07 17:04:00,1.09095,1.0910024999999999
1191,2023-04-07 17:06:08,1.09095,1.0909925
1192,2023-04-07 17:06:08,1.09095,1.0909825000000002
1193,2023-04-07 17:08:16,1.09095,1.090975
1194,2023-04-07 17:08:16,1.09095,1.09097
1195,2023-04-07 17:10:24,1.091,1.0909725
1196,2023-04-07 17:10:24,1.091,1.0909775
1197,2023-04-07 17:12:32,1.09095,1.090975
1198,2023-04-07 17:12:32,1.091,1.0909749999999998
1199,2023-04-07 17:14:40,1.091,1.090975
1200,2023-04-07 17:14:40,1.091,1.090975
1201,2023-04-07 17:16:48,1.091,1.0909749999999998
1202,2023-04-07 17:16:48,1.091,1.0909775
1203,2023-04-07 17:18:56,1.091,1.0909775
1204,2023-04-07 17:18:56,1.091,1.0909775
1205,2023-04-07 17:21:04,1.091,1.0909775
1206,2023-04-07 17:21:04,1.091,1.0909775
1207,2023-04-07 17:21:04,1.091,1.0909775
1208,2023-04-07 17:23:12,1.091,1.0909825
1209,2023-04-07 17:23:12,1.091,1.090985
1210,2023-04-07 17:25:20,1.091,1.0909875
1211,2023-04-07 17:25:20,1.09095,1.0909875000000002
1212,2023-04-07 17:27:28,1.09095,1.0909875
1213,2023-04-07 17:27:28,1.09095,1.0909875
1214,2023-04-07 17:29:36,1.09095,1.0909875
1215,2023-04-07 17:29:36,1.0909,1.0909825
1216,2023-04-07 17:31:44,1.0909,1.0909775
1217,2023-04-07 17:31:44,1.09095,1.0909775
1218,2023-04-07 17:33:52,1.09095,1.090975
1219,2023-04-07 17:33:52,1.09095,1.0909725
1220,2023-04-07 17:36:00,1.09095,1.09097
1221,2023-04-07 17:36:00,1.091,1.09097
1222,2023-04-07 17:36:00,1.091,1.09097
1223,2023-04-07 17:38:08,1.091,1.09097
1224,2023-04-07 17:38:08,1.09095,1.0909675
1225,2023-04-07 17:40:16,1.091,1.0909675
1226,2023-04-07 17:40:16,1.091,1.0909675
1227,2023-04-07 17:42:24,1.0909,1.0909625000000003
1228,2023-04-07 17:42:24,1.0909,1.0909575
1229,2023-04-07 17:44:32,1.0909,1.0909525
1230,2023-04-07 17:44:32,1.0909,1.0909475
1231,2023-04-07 17:46:40,1.0909,1.090945
1232,2023-04-07 17:46:40,1.0909,1.0909425000000001
1233,2023-04-07 17:48:48,1.09085,1.0909375000000001
1234,2023-04-07 17:48:48,1.09085,1.0909325
1235,2023-04-07 17:50:56,1.09085,1.09093
1236,2023-04-07 17:50:56,1.09095,1.0909324999999999
1237,2023-04-07 17:50:56,1.09095,1.0909324999999999
1238,2023-04-07 17:53:04,1.09095,1.0909325
1239,2023-04-07 17:53:04,1.09095,1.0909325
1240,2023-04-07 17:55:12,1.09085,1.0909275
1241,2023-04-07 17:55:12,1.0908,1.0909175
1242,2023-04-07 17:57:20,1.0908,1.0909075
1243,2023-04-07 17:57:20,1.0908,1.0908975
1244,2023-04-07 17:59:28,1.0908,1.0908900000000001
1245,2023-04-07 17:59:28,1.09085,1.0908825
1246,2023-04-07 18:01:36,1.09085,1.090875
1247,2023-04-07 18:01:36,1.0908,1.09087
1248,2023-04-07 18:03:44,1.0908,1.0908650000000002
1249,2023-04-07 18:03:44,1.0904,1.09084
1250,2023-04-07 18:05:52,1.09075,1.0908325
1251,2023-04-07 18:05:52,1.09075,1.0908250000000002
1252,2023-04-07 18:08:00,1.0907,1.0908149999999999
1253,2023-04-07 18:08:00,1.0906,1.0908025000000001
1254,2023-04-07 18:08:00,1.0906,1.09079
1255,2023-04-07 18:10:08,1.09055,1.090775
1256,2023-04-07 18:10:08,1.0906,1.0907575
1257,2023-04-07 18:12:16,1.09045,1.0907325
1258,2023-04-07 18:12:16,1.0904,1.090705
1259,2023-04-07 18:14:24,1.0904,1.0906775
1260,2023-04-07 18:14:24,1.0904,1.090655
1261,2023-04-07 18:16:32,1.0904,1.0906350000000002
1262,2023-04-07 18:16:32,1.0904,1.0906150000000001
1263,2023-04-07 18:18:40,1.0904,1.090595
1264,2023-04-07 18:18:40,1.0904,1.090575
1265,2023-04-07 18:20:48,1.09065,1.0905650000000002
1266,2023-04-07 18:20:48,1.09065,1.0905550000000002
1267,2023-04-07 18:22:56,1.09065,1.0905475
1268,2023-04-07 18:22:56,1.09065,1.0905399999999998
1269,2023-04-07 18:25:04,1.0905,1.090545
1270,2023-04-07 18:25:04,1.0905,1.0905325
1271,2023-04-07 18:25:04,1.0905,1.0905200000000002
1272,2023-04-07 18:27:12,1.0905,1.09051
1273,2023-04-07 18:27:12,1.09075,1.0905175
1274,2023-04-07 18:29:20,1.09095,1.090535
1275,2023-04-07 18:29:20,1.0905,1.0905325000000001
1276,2023-04-07 18:31:28,1.09045,1.090525
1277,2023-04-07 18:31:28,1.09065,1.090535
1278,2023-04-07 18:33:36,1.0907,1.09055
1279,2023-04-07 18:33:36,1.0907,1.090565
1280,2023-04-07 18:35:44,1.0907,1.09058
1281,2023-04-07 18:35:44,1.0907,1.090595
1282,2023-04-07 18:37:52,1.09055,1.0906025
1283,2023-04-07 18:37:52,1.09055,1.09061
1284,2023-04-07 18:40:00,1.0907,1.090625
1285,2023-04-07 18:40:00,1.0907,1.0906274999999999
1286,2023-04-07 18:40:00,1.0906,1.0906249999999997
1287,2023-04-07 18:42:08,1.09055,1.09062
1288,2023-04-07 18:42:08,1.0906,1.0906175
1289,2023-04-07 18:44:16,1.09065,1.090625
1290,2023-04-07 18:44:16,1.09065,1.0906325000000001
1291,2023-04-07 18:46:24,1.0907,1.0906425
1292,2023-04-07 18:46:24,1.09065,1.09065
1293,2023-04-07 18:48:32,1.09065,1.0906449999999999
1294,2023-04-07 18:48:32,1.09065,1.09063
1295,2023-04-07 18:50:40,1.09065,1.0906375
1296,2023-04-07 18:50:40,1.0906,1.0906449999999999
1297,2023-04-07 18:52:48,1.0906,1.0906425
1298,2023-04-07 18:52:48,1.0906,1.0906375
1299,2023-04-07 18:54:56,1.0906,1.0906325000000001
1300,2023-04-07 18:54:56,1.0907,1.0906325
1301,2023-04-07 18:54:56,1.09065,1.09063
1302,2023-04-07 18:57:04,1.0906,1.0906325
1303,2023-04-07 18:57:04,1.09055,1.0906325
1304,2023-04-07 18:59:12,1.09065,1.09063
1305,2023-04-07 18:59:12,1.0906,1.090625
1306,2023-04-07 19:01:20,1.0906,1.090625
1307,2023-04-07 19:01:20,1.0906,1.0906275
1308,2023-04-07 19:03:28,1.0906,1.0906274999999999
1309,2023-04-07 19:03:28,1.0906,1.090625
1310,2023-04-07 19:05:36,1.0906,1.0906224999999998
1311,2023-04-07 19:05:36,1.0906,1.0906175
1312,2023-04-07 19:07:44,1.0906,1.0906150000000001
1313,2023-04-07 19:07:44,1.09055,1.09061
1314,2023-04-07 19:09:52,1.09055,1.090605
1315,2023-04-07 19:09:52,1.09055,1.0905999999999998
1316,2023-04-07 19:12:00,1.0906,1.0906
1317,2023-04-07 19:12:00,1.09055,1.0905974999999999
1318,2023-04-07 19:12:00,1.09055,1.090595
1319,2023-04-07 19:14:08,1.09055,1.0905925
1320,2023-04-07 19:14:08,1.0906,1.0905875
1321,2023-04-07 19:16:16,1.09055,1.0905825
1322,2023-04-07 19:16:16,1.09065,1.090585
1323,2023-04-07 19:18:24,1.09065,1.0905900000000002
1324,2023-04-07 19:18:24,1.09065,1.0905900000000002
1325,2023-04-07 19:20:32,1.09045,1.0905824999999998
1326,2023-04-07 19:20:32,1.09045,1.0905749999999999
1327,2023-04-07 19:22:40,1.09045,1.0905675
1328,2023-04-07 19:22:40,1.09045,1.09056
1329,2023-04-07 19:24:48,1.09045,1.0905524999999998
1330,2023-04-07 19:24:48,1.09045,1.0905449999999999
1331,2023-04-07 19:26:56,1.0904,1.090535
1332,2023-04-07 19:26:56,1.0904,1.090525
1333,2023-04-07 19:29:04,1.0904,1.0905174999999998
1334,2023-04-07 19:29:04,1.0904,1.0905099999999999
1335,2023-04-07 19:29:04,1.0904,1.0905025
1336,2023-04-07 19:31:12,1.0904,1.0904924999999999
1337,2023-04-07 19:31:12,1.0904,1.090485
1338,2023-04-07 19:33:20,1.0904,1.0904775
1339,2023-04-07 19:33:20,1.0904,1.09047
1340,2023-04-07 19:35:28,1.0904,1.09046
1341,2023-04-07 19:35:28,1.0904,1.0904525
1342,2023-04-07 19:37:36,1.0904,1.0904399999999999
1343,2023-04-07 19:37:36,1.0904,1.0904275
1344,2023-04-07 19:39:44,1.0904,1.090415
1345,2023-04-07 19:39:44,1.09015,1.0904
1346,2023-04-07 19:41:52,1.0902,1.0903875
1347,2023-04-07 19:41:52,1.0902,1.090375
1348,2023-04-07 19:44:00,1.09025,1.090365
1349,2023-04-07 19:44:00,1.09025,1.090355
1350,2023-04-07 19:44:00,1.09025,1.0903450000000001
1351,2023-04-07 19:46:08,1.0902,1.090335
1352,2023-04-07 19:46:08,1.09015,1.0903225
1353,2023-04-07 19:48:16,1.0901,1.0903075000000002
1354,2023-04-07 19:48:16,1.09015,1.090295
1355,2023-04-07 19:50:24,1.09015,1.0902825
1356,2023-04-07 19:50:24,1.0901,1.0902675
1357,2023-04-07 19:52:32,1.09005,1.09025
1358,2023-04-07 19:52:32,1.09005,1.0902325
1359,2023-04-07 19:54:40,1.09005,1.0902150000000002
1360,2023-04-07 19:54:40,1.09005,1.0901975
1361,2023-04-07 19:56:48,1.09005,1.09018
1362,2023-04-07 19:56:48,1.09005,1.0901625000000001
1363,2023-04-07 19:58:56,1.0901,1.0901475
1364,2023-04-07 19:58:56,1.09005,1.0901299999999998
1365,2023-04-07 19:58:56,1.0901,1.0901275
1366,2023-04-07 20:01:04,1.09015,1.090125
1367,2023-04-07 20:01:04,1.08975,1.0901025
1368,2023-04-07 20:03:12,1.08985,1.0900824999999998
1369,2023-04-07 20:03:12,1.08965,1.0900525
1370,2023-04-07 20:05:20,1.08975,1.0900275000000001
1371,2023-04-07 20:05:20,1.08965,1.09
1372,2023-04-07 20:07:28,1.08965,1.089975
1373,2023-04-07 20:07:28,1.08965,1.0899525
1374,2023-04-07 20:09:36,1.0896,1.0899249999999998
1375,2023-04-07 20:09:36,1.08965,1.0899
1376,2023-04-07 20:11:44,1.0896,1.089875
1377,2023-04-07 20:11:44,1.08985,1.089865
1378,2023-04-07 20:13:52,1.08985,1.089855
1379,2023-04-07 20:13:52,1.0897,1.0898375
1380,2023-04-07 20:16:00,1.08985,1.0898274999999997
1381,2023-04-07 20:16:00,1.08985,1.0898175
1382,2023-04-07 20:16:00,1.08985,1.0898074999999998
1383,2023-04-07 20:18:08,1.08985,1.089795
1384,2023-04-07 20:18:08,1.08985,1.089785
1385,2023-04-07 20:20:16,1.0899,1.089775
1386,2023-04-07 20:20:16,1.0899,1.0897625
1387,2023-04-07 20:22:24,1.09055,1.0898025
1388,2023-04-07 20:22:24,1.08995,1.0898075
1389,2023-04-07 20:24:32,1.08995,1.0898225
1390,2023-04-07 20:24:32,1.0905,1.0898599999999998
1391,2023-04-07 20:26:40,1.09055,1.089905
1392,2023-04-07 20:26:40,1.09055,1.08995
1393,2023-04-07 20:28:48,1.09055,1.089995
1394,2023-04-07 20:28:48,1.09015,1.0900225000000001
1395,2023-04-07 20:30:56,1.09025,1.0900524999999999
1396,2023-04-07 20:30:56,1.0908,1.0901125
1397,2023-04-07 20:33:04,1.0901,1.090125
1398,2023-04-07 20:33:04,1.09,1.0901325
1399,2023-04-07 20:33:04,1.0897,1.0901325
1400,2023-04-07 20:35:12,1.09015,1.0901475
1401,2023-04-07 20:35:12,1.08995,1.0901524999999999
1402,2023-04-07 20:37:20,1.09015,1.0901675000000002
1403,2023-04-07 20:37:20,1.0902,1.090185
1404,2023-04-07 20:39:28,1.0902,1.0902025
1405,2023-04-07 20:39:28,1.0902,1.0902175
1406,2023-04-07 20:41:36,1.0902,1.0902325
1407,2023-04-07 20:41:36,1.0902,1.0902150000000002
1408,2023-04-07 20:43:44,1.0902,1.0902275
1409,2023-04-07 20:43:44,1.0901,1.090235
1410,2023-04-07 20:45:52,1.0901,1.0902150000000002
1411,2023-04-07 20:45:52,1.0903,1.0902025
1412,2023-04-07 20:48:00,1.09055,1.0902025
1413,2023-04-07 20:48:00,1.09045,1.0901975
1414,2023-04-07 20:48:00,1.09025,1.0902025
1415,2023-04-07 20:50:08,1.09005,1.0901925000000001
1416,2023-04-07 20:50:08,1.0902,1.0901625
1417,2023-04-07 20:52:16,1.0895,1.0901325
1418,2023-04-07 20:52:16,1.08975,1.09012
1419,2023-04-07 20:54:24,1.08965,1.0901175
1420,2023-04-07 20:54:24,1.08955,1.0900874999999999
1421,2023-04-07 20:56:32,1.08965,1.0900725
1422,2023-04-07 20:56:32,1.08965,1.0900475
1423,2023-04-07 20:58:40,1.0897,1.0900225
1424,2023-04-07 20:58:40,1.0898,1.0900025
